{
  "timestamp": "20250829_074102",
  "dataset_info": {
    "total_samples": 507185,
    "legitimate_samples": 392890,
    "phishing_samples": 114295,
    "datasets_used": [
      "/Users/tasheebisht/Downloads/dataset_cybersecurity_michelle.csv",
      "/Users/tasheebisht/Downloads/Phishing_Legitimate_full.csv",
      "/Users/tasheebisht/Downloads/phishing_site_urls.csv",
      "/Users/tasheebisht/Downloads/uci-ml-phishing-dataset.csv"
    ]
  },
  "results": {
    "content": {
      "random_forest": {
        "accuracy": 0.7764819543164723,
        "precision": 0.9946808510638298,
        "recall": 0.008180585327442145,
        "f1": 0.016227708595478806,
        "cv_mean": 0.014848608277409137,
        "cv_std": 0.0017826602497476194
      },
      "logistic": {
        "accuracy": 0.7768368544022398,
        "precision": 0.9911504424778761,
        "recall": 0.009799203814690056,
        "f1": 0.019406541043967943,
        "cv_mean": 0.021396152671418724,
        "cv_std": 0.0011759057058694838
      }
    },
    "domain": {
      "random_forest": {
        "accuracy": 0.8626536668079695,
        "precision": 0.952825403266714,
        "recall": 0.41086661708736166,
        "f1": 0.5741533194767087,
        "cv_mean": 0.5753552648071892,
        "cv_std": 0.003056252255449446
      },
      "gradient_boost": {
        "accuracy": 0.863678933722409,
        "precision": 0.9016991370874478,
        "recall": 0.44341397261472504,
        "f1": 0.5944868035190616,
        "cv_mean": 0.5939568040397062,
        "cv_std": 0.0019186624949301275
      }
    }
  },
  "model_configs": {
    "content": {
      "vectorizer": "TfidfVectorizer(max_df=0.95, max_features=10000, min_df=2, ngram_range=(1, 3),\n                strip_accents='unicode',\n                token_pattern='[a-zA-Z0-9$-_@.!%*#?&/]+')",
      "models": {
        "random_forest": "RandomForestClassifier(max_depth=20, min_samples_leaf=2, min_samples_split=5,\n                       n_estimators=200, n_jobs=-1, random_state=42)",
        "logistic": "LogisticRegression(max_iter=1000, random_state=42)"
      }
    },
    "domain": {
      "models": {
        "random_forest": "RandomForestClassifier(max_depth=15, n_estimators=150, n_jobs=-1,\n                       random_state=42)",
        "gradient_boost": "GradientBoostingClassifier(max_depth=5, random_state=42)"
      }
    }
  }
}